carat_weight,total_sales_price,dbscan_labels,dbscan_opt_labels
4.3,90653,-1,-1
5.02,90662,-1,-1
3.81,90679,-1,-1
4.56,90679,-1,-1
5.01,90818,-1,-1
5.01,90818,-1,-1
5.01,90818,-1,-1
6.01,90872,-1,-1
4.52,90896,-1,-1
1.04,91260,-1,-1
5.05,91323,-1,-1
3.5,91415,-1,-1
4.01,91419,-1,-1
2.02,91486,-1,-1
3.01,91487,-1,-1
5.01,91559,-1,-1
4.02,91624,-1,-1
4.02,91648,-1,-1
3.72,91661,-1,-1
7.02,91834,-1,-1
4.01,92161,-1,-1
4.01,92161,-1,-1
4.02,92174,-1,-1
3.71,92229,-1,-1
3.03,92306,-1,-1
4.4,92327,-1,-1
4.56,92340,-1,-1
5.02,92349,-1,-1
5.0,92400,-1,-1
4.03,92498,-1,-1
5.01,92585,-1,-1
5.01,92585,-1,-1
3.52,92700,-1,-1
5.02,92770,-1,-1
1.83,92885,-1,-1
4.01,92968,-1,-1
6.26,92969,-1,-1
5.13,93079,-1,-1
5.55,93116,-1,-1
3.0,93140,-1,-1
3.01,93149,-1,-1
4.1,93209,-1,-1
4.23,93616,-1,-1
5.01,93680,-1,-1
4.03,93749,-1,-1
5.13,93752,-1,-1
3.12,93861,-1,-1
2.51,94019,-1,-1
3.47,94051,-1,-1
1.7,94095,-1,-1
1.0,94500,-1,-1
5.44,94591,-1,-1
3.8,94611,-1,-1
5.01,94723,-1,-1
5.01,94819,-1,-1
3.5,94864,-1,-1
3.92,94922,-1,-1
3.28,94942,-1,-1
3.81,94946,-1,-1
6.4,95048,-1,-1
6.41,95197,-1,-1
5.01,95616,-1,-1
6.11,95635,-1,-1
3.0,95660,-1,-1
2.5,95660,-1,-1
4.01,95663,-1,-1
5.01,96233,-1,-1
5.21,96281,-1,-1
5.01,96289,-1,-1
5.0,96320,-1,-1
7.03,96374,-1,-1
8.03,96412,-1,-1
6.02,97091,-1,-1
6.08,97106,-1,-1
2.55,97368,-1,-1
2.31,97368,-1,-1
9.02,97416,-1,-1
5.06,97476,-1,-1
8.1,97541,-1,-1
8.1,97541,-1,-1
8.1,97639,-1,-1
8.1,97639,-1,-1
2.5,97776,-1,-1
3.65,97812,-1,-1
5.02,97830,-1,-1
4.02,97860,-1,-1
4.78,97919,-1,-1
4.5,97928,-1,-1
3.17,97992,-1,-1
3.7,98006,-1,-1
5.5,98099,-1,-1
3.41,98120,-1,-1
7.02,98124,-1,-1
4.5,98129,-1,-1
5.01,98196,-1,-1
3.01,98273,-1,-1
5.01,98567,-1,-1
3.55,98586,-1,-1
3.3,98610,-1,-1
3.21,98689,-1,-1
3.28,98748,-1,-1
3.01,98760,-1,-1
3.15,98784,-1,-1
6.1,98820,-1,-1
3.56,98864,-1,-1
3.23,99142,-1,-1
1.02,99144,-1,-1
3.01,99670,-1,-1
5.02,99798,-1,-1
3.6,99974,-1,-1
5.01,99993,-1,-1
4.78,100022,-1,-1
5.9,100244,-1,-1
5.9,100251,-1,-1
3.02,100255,-1,-1
5.1,100338,-1,-1
3.7,100389,-1,-1
3.01,100524,-1,-1
5.01,100554,-1,-1
3.27,100863,-1,-1
2.02,100943,-1,-1
6.01,100968,-1,-1
1.36,100980,-1,-1
2.71,101012,-1,-1
4.02,101035,-1,-1
6.31,101377,-1,-1
5.0,101388,-1,-1
2.71,101539,-1,-1
3.06,101583,-1,-1
5.5,101640,-1,-1
4.02,101692,-1,-1
9.01,101720,-1,-1
4.01,101760,-1,-1
4.21,101849,-1,-1
5.03,101858,-1,-1
4.01,101861,-1,-1
4.01,101861,-1,-1
6.09,101972,-1,-1
3.02,101980,-1,-1
4.07,102355,-1,-1
5.01,102361,-1,-1
3.85,102411,-1,-1
5.0,102480,-1,-1
4.15,102489,-1,-1
5.01,102517,-1,-1
3.02,102623,-1,-1
5.85,102668,-1,-1
5.11,102675,-1,-1
9.22,102688,-1,-1
3.01,102822,-1,-1
5.02,102834,-1,-1
5.01,103023,-1,-1
4.02,103113,-1,-1
7.03,103303,-1,-1
4.24,103406,-1,-1
2.65,103416,-1,-1
5.73,103420,-1,-1
3.0,103421,-1,-1
2.77,104241,-1,-1
5.28,104317,-1,-1
3.66,104676,-1,-1
7.01,104800,-1,-1
5.0,104832,-1,-1
5.98,104949,-1,-1
7.02,104949,-1,-1
1.01,105040,-1,-1
4.51,105065,-1,-1
5.02,105168,-1,-1
3.03,105474,-1,-1
5.01,105940,-1,-1
3.04,105975,-1,-1
7.01,105992,-1,-1
4.05,106030,-1,-1
5.01,106052,-1,-1
5.01,106473,-1,-1
5.03,106476,-1,-1
3.01,106565,-1,-1
2.7,106579,-1,-1
5.01,106580,-1,-1
7.13,106594,-1,-1
5.01,106613,-1,-1
2.06,107120,-1,-1
3.69,107144,-1,-1
5.01,107146,-1,-1
5.01,107232,-1,-1
3.03,107273,-1,-1
0.53,107325,-1,-1
5.01,107512,-1,-1
5.0,107604,-1,-1
3.05,107946,-1,-1
5.03,107998,-1,-1
1.0,108000,-1,-1
5.03,108026,-1,-1
2.55,108029,-1,-1
6.02,108460,-1,-1
5.4,108502,-1,-1
5.03,108544,-1,-1
5.03,108589,-1,-1
3.51,108600,-1,-1
5.17,108629,-1,-1
8.8,108680,-1,-1
6.27,108708,-1,-1
8.2,108732,-1,-1
7.3,108741,-1,-1
5.35,109205,-1,-1
4.04,109230,-1,-1
3.03,109241,-1,-1
5.58,109244,-1,-1
6.23,109337,-1,-1
5.01,109419,-1,-1
5.01,109419,-1,-1
3.02,109489,-1,-1
5.01,109566,-1,-1
4.62,109610,-1,-1
5.7,109640,-1,-1
3.84,109671,-1,-1
5.02,109918,-1,-1
8.02,109927,-1,-1
5.01,109980,-1,-1
8.02,110037,-1,-1
6.36,110268,-1,-1
1.58,110300,-1,-1
4.59,110404,-1,-1
5.3,110440,-1,-1
6.12,110593,-1,-1
3.9,110671,-1,-1
7.02,110860,-1,-1
3.14,111131,-1,-1
2.0,111279,-1,-1
2.0,111279,-1,-1
5.25,111456,-1,-1
7.01,111567,-1,-1
7.01,111567,-1,-1
6.01,111570,-1,-1
5.2,111647,-1,-1
7.81,111683,-1,-1
2.01,111836,-1,-1
3.01,111924,-1,-1
4.6,111953,-1,-1
3.01,112093,-1,-1
3.51,112168,-1,-1
3.02,112179,-1,-1
3.03,112261,-1,-1
5.36,112381,-1,-1
4.01,112394,-1,-1
5.03,112672,-1,-1
5.03,112672,-1,-1
3.01,112741,-1,-1
5.04,112784,-1,-1
5.01,112786,-1,-1
2.17,112840,-1,-1
8.01,112858,-1,-1
5.01,112955,-1,-1
7.01,113058,-1,-1
5.01,113123,-1,-1
3.01,113189,-1,-1
3.02,113311,-1,-1
5.01,113347,-1,-1
2.5,113387,-1,-1
5.0,113400,-1,-1
3.02,113489,-1,-1
7.02,113571,-1,-1
5.01,113572,-1,-1
5.02,113770,-1,-1
8.0,113828,-1,-1
5.0,113876,-1,-1
8.0,113943,-1,-1
3.05,114436,-1,-1
5.05,114478,-1,-1
5.42,114489,-1,-1
5.03,114645,-1,-1
5.25,114660,-1,-1
5.88,114660,-1,-1
5.09,114872,-1,-1
4.02,114947,-1,-1
4.01,114975,-1,-1
3.51,114989,-1,-1
5.54,115162,-1,-1
3.3,115168,-1,-1
3.35,115225,-1,-1
5.02,115260,-1,-1
3.03,115383,-1,-1
5.61,115499,-1,-1
6.08,115526,-1,-1
4.01,115560,-1,-1
6.02,115633,-1,-1
6.01,115700,-1,-1
5.13,115775,-1,-1
10.09,115834,-1,-1
3.06,115840,-1,-1
5.0,115920,-1,-1
5.41,115976,-1,-1
4.01,116009,-1,-1
3.18,116252,-1,-1
3.2,116283,-1,-1
4.02,116298,-1,-1
5.0,116424,-1,-1
3.22,116487,-1,-1
6.05,116548,-1,-1
5.37,116813,-1,-1
5.02,116946,-1,-1
4.52,117018,-1,-1
3.67,117045,-1,-1
5.06,117057,-1,-1
3.12,117183,-1,-1
4.01,117580,-1,-1
10.01,117718,-1,-1
5.01,117836,-1,-1
4.09,117865,-1,-1
4.02,117874,-1,-1
4.01,117895,-1,-1
5.02,118071,-1,-1
5.18,118404,-1,-1
5.0,118944,-1,-1
4.01,119017,-1,-1
4.05,119071,-1,-1
0.49,119438,-1,-1
4.11,119445,-1,-1
5.01,119519,-1,-1
3.31,119743,-1,-1
5.02,119758,-1,-1
5.01,119800,-1,-1
4.04,119908,-1,-1
3.07,119916,-1,-1
5.0,119952,-1,-1
7.05,120020,-1,-1
4.04,120473,-1,-1
6.02,120521,-1,-1
5.43,120824,-1,-1
5.14,120893,-1,-1
0.31,120900,-1,-1
7.84,120956,-1,-1
5.01,120978,-1,-1
5.01,121202,-1,-1
5.02,121220,-1,-1
10.03,121323,-1,-1
3.59,121529,-1,-1
0.85,121550,-1,-1
6.03,121565,-1,-1
4.31,121574,-1,-1
4.04,121646,-1,-1
1.04,121680,-1,-1
10.92,121803,-1,-1
4.03,121868,-1,-1
3.2,121928,-1,-1
3.37,122022,-1,-1
7.02,122026,-1,-1
5.22,122161,-1,-1
4.33,122210,-1,-1
3.99,122335,-1,-1
4.04,122488,-1,-1
5.26,122537,-1,-1
4.01,122658,-1,-1
3.22,122727,-1,-1
5.02,122738,-1,-1
5.02,122738,-1,-1
5.01,122824,-1,-1
5.0,123256,-1,-1
3.33,123301,-1,-1
5.01,123419,-1,-1
5.25,123480,-1,-1
5.09,123503,-1,-1
5.73,123540,-1,-1
5.03,123997,-1,-1
5.67,123999,-1,-1
4.86,124107,-1,-1
3.06,124162,-1,-1
5.01,124222,-1,-1
5.02,124256,-1,-1
4.82,124261,-1,-1
5.51,124351,-1,-1
3.15,124476,-1,-1
3.0,124504,-1,-1
4.67,124725,-1,-1
6.0,124892,-1,-1
7.04,124896,-1,-1
6.03,124942,-1,-1
3.0,124992,-1,-1
5.2,125060,-1,-1
8.02,125112,-1,-1
5.13,125140,-1,-1
6.0,125194,-1,-1
8.03,125268,-1,-1
5.47,125439,-1,-1
5.13,125542,-1,-1
7.01,125620,-1,-1
3.38,125682,-1,-1
3.03,125734,-1,-1
5.03,125743,-1,-1
3.08,125843,-1,-1
4.2,125950,-1,-1
7.36,126121,-1,-1
5.03,126193,-1,-1
5.1,126236,-1,-1
5.75,126289,-1,-1
2.16,126360,-1,-1
5.53,126381,-1,-1
4.02,126428,-1,-1
5.02,126504,-1,-1
8.11,126516,-1,-1
5.41,126517,-1,-1
3.06,126807,-1,-1
3.05,126880,-1,-1
5.03,127039,-1,-1
5.01,127263,-1,-1
6.57,127286,-1,-1
7.03,127318,-1,-1
4.01,127327,-1,-1
5.0,127400,-1,-1
4.52,127573,-1,-1
5.02,127641,-1,-1
4.29,127929,-1,-1
4.01,128000,-1,-1
5.01,128066,-1,-1
4.5,128117,-1,-1
5.01,128193,-1,-1
4.11,128234,-1,-1
3.43,128464,-1,-1
9.0,128520,-1,-1
3.51,128575,-1,-1
3.5,128631,-1,-1
6.01,128736,-1,-1
4.51,128882,-1,-1
6.35,128942,-1,-1
4.1,128986,-1,-1
9.02,128986,-1,-1
3.6,129024,-1,-1
3.0,129075,-1,-1
4.17,129465,-1,-1
5.01,129479,-1,-1
5.01,129479,-1,-1
7.07,129486,-1,-1
10.04,129541,-1,-1
5.03,129630,-1,-1
4.01,129684,-1,-1
8.02,130264,-1,-1
8.02,130291,-1,-1
8.02,130394,-1,-1
5.05,130400,-1,-1
4.09,130439,-1,-1
10.15,130449,-1,-1
10.04,130520,-1,-1
3.05,130663,-1,-1
7.48,130691,-1,-1
5.03,130700,-1,-1
6.02,130905,-1,-1
4.08,131148,-1,-1
7.04,131204,-1,-1
1.01,131300,-1,-1
1.01,131300,-1,-1
1.01,131300,-1,-1
4.01,131369,-1,-1
5.01,131472,-1,-1
5.03,131602,-1,-1
6.0,131712,-1,-1
5.03,131734,-1,-1
7.06,131735,-1,-1
7.98,131750,-1,-1
4.14,131872,-1,-1
6.34,131872,-1,-1
7.01,131901,-1,-1
7.01,131901,-1,-1
4.61,131972,-1,-1
5.03,132109,-1,-1
11.13,132137,-1,-1
4.04,132180,-1,-1
4.28,132228,-1,-1
3.01,132287,-1,-1
9.05,132357,-1,-1
3.55,132401,-1,-1
5.01,132549,-1,-1
0.51,132600,-1,-1
11.21,132616,-1,-1
7.02,132679,-1,-1
2.95,132755,-1,-1
5.21,132868,-1,-1
5.07,132875,-1,-1
5.51,132897,-1,-1
6.07,132910,-1,-1
5.02,132970,-1,-1
10.08,132993,-1,-1
6.08,133128,-1,-1
6.02,133265,-1,-1
5.01,133435,-1,-1
4.02,133452,-1,-1
4.14,133540,-1,-1
7.29,133699,-1,-1
3.64,133720,-1,-1
10.67,133845,-1,-1
6.08,133905,-1,-1
5.01,133912,-1,-1
6.08,133912,-1,-1
4.21,134101,-1,-1
6.16,134122,-1,-1
5.01,134132,-1,-1
5.06,134246,-1,-1
6.2,134367,-1,-1
6.06,134387,-1,-1
13.63,134488,-1,-1
5.05,134529,-1,-1
5.52,134530,-1,-1
13.63,134623,-1,-1
5.01,134669,-1,-1
5.01,134669,-1,-1
5.01,134669,-1,-1
5.02,134938,-1,-1
12.05,134960,-1,-1
5.01,135062,-1,-1
3.0,135252,-1,-1
5.05,135321,-1,-1
4.08,135444,-1,-1
5.01,135456,-1,-1
4.03,135499,-1,-1
5.48,135888,-1,-1
5.53,135919,-1,-1
4.38,135984,-1,-1
6.01,136039,-1,-1
5.01,136101,-1,-1
5.0,136125,-1,-1
5.71,136218,-1,-1
5.01,136356,-1,-1
9.85,136490,-1,-1
5.0,136500,-1,-1
8.01,136588,-1,-1
5.05,136593,-1,-1
3.9,136632,-1,-1
3.5,136652,-1,-1
5.01,137027,-1,-1
5.03,137077,-1,-1
4.08,137180,-1,-1
3.14,137192,-1,-1
7.06,137231,-1,-1
6.19,137271,-1,-1
4.02,137437,-1,-1
5.05,137441,-1,-1
4.0,137760,-1,-1
4.03,138118,-1,-1
5.03,138419,-1,-1
6.24,138505,-1,-1
4.84,138557,-1,-1
1.53,139230,-1,-1
3.48,139309,-1,-1
6.02,139367,-1,-1
3.71,139512,-1,-1
5.11,139532,-1,-1
4.2,139651,-1,-1
5.02,139717,-1,-1
5.01,139719,-1,-1
3.27,139722,-1,-1
3.0,139867,-1,-1
6.0,139944,-1,-1
2.7,139952,-1,-1
5.05,139987,-1,-1
4.08,140059,-1,-1
3.03,140089,-1,-1
4.01,140126,-1,-1
5.01,140224,-1,-1
5.01,140275,-1,-1
5.01,140422,-1,-1
4.02,140475,-1,-1
6.03,140475,-1,-1
5.02,140504,-1,-1
3.04,140552,-1,-1
8.01,140576,-1,-1
5.08,140665,-1,-1
3.46,140826,-1,-1
4.11,140860,-1,-1
5.03,140982,-1,-1
3.05,141013,-1,-1
4.2,141120,-1,-1
7.24,141180,-1,-1
4.1,141245,-1,-1
4.07,141312,-1,-1
7.01,141322,-1,-1
4.17,141337,-1,-1
5.01,141352,-1,-1
5.01,141403,-1,-1
3.01,141473,-1,-1
4.0,141544,-1,-1
5.01,141684,-1,-1
7.03,141725,-1,-1
4.04,141804,-1,-1
4.01,141922,-1,-1
5.0,141960,-1,-1
6.02,142050,-1,-1
10.13,142227,-1,-1
4.02,142276,-1,-1
5.01,142700,-1,-1
3.08,142883,-1,-1
5.79,142991,-1,-1
5.01,143086,-1,-1
5.07,143096,-1,-1
7.02,143411,-1,-1
4.01,143517,-1,-1
4.45,143540,-1,-1
7.07,143601,-1,-1
5.02,143710,-1,-1
5.01,143760,-1,-1
5.18,143823,-1,-1
5.01,143928,-1,-1
10.02,143928,-1,-1
5.01,143928,-1,-1
5.0,143948,-1,-1
5.12,143992,-1,-1
10.76,144077,-1,-1
1.63,144092,-1,-1
10.06,144109,-1,-1
6.93,144144,-1,-1
7.01,144172,-1,-1
5.74,144296,-1,-1
7.05,144300,-1,-1
7.01,144317,-1,-1
6.01,144385,-1,-1
1.01,144430,-1,-1
1.01,144430,-1,-1
3.27,144446,-1,-1
5.02,144834,-1,-1
5.0,145180,-1,-1
5.01,145191,-1,-1
4.01,145193,-1,-1
6.77,145217,-1,-1
10.17,145229,-1,-1
16.02,145782,-1,-1
3.03,145806,-1,-1
4.09,146014,-1,-1
6.07,146166,-1,-1
8.1,146287,-1,-1
5.02,146745,-1,-1
5.03,147015,-1,-1
3.73,147366,-1,-1
3.67,147524,-1,-1
5.71,147826,-1,-1
5.08,148244,-1,-1
5.91,148271,-1,-1
5.07,148463,-1,-1
7.01,148507,-1,-1
3.01,148694,-1,-1
2.08,148720,-1,-1
2.08,148720,-1,-1
5.06,148764,-1,-1
4.69,148918,-1,-1
5.03,148993,-1,-1
3.09,149005,-1,-1
5.25,149059,-1,-1
5.03,149066,-1,-1
4.01,149108,-1,-1
3.02,149317,-1,-1
3.5,149471,-1,-1
0.5,149500,-1,-1
4.21,149505,-1,-1
13.38,149856,-1,-1
5.28,149910,-1,-1
5.04,150438,-1,-1
4.5,150596,-1,-1
7.25,150800,-1,-1
4.0,151536,-1,-1
7.44,151575,-1,-1
4.01,151579,-1,-1
7.52,151604,-1,-1
5.03,151827,-1,-1
5.02,151862,-1,-1
5.69,152146,-1,-1
5.27,152253,-1,-1
4.6,152397,-1,-1
6.02,152642,-1,-1
6.02,152795,-1,-1
6.06,152883,-1,-1
5.01,152906,-1,-1
5.01,152906,-1,-1
5.06,153015,-1,-1
7.01,153099,-1,-1
6.19,153215,-1,-1
7.83,153294,-1,-1
7.02,153309,-1,-1
5.01,153523,-1,-1
10.29,153569,-1,-1
10.02,153635,-1,-1
5.27,153641,-1,-1
5.46,153645,-1,-1
3.93,153881,-1,-1
10.12,154148,-1,-1
5.12,154829,-1,-1
3.47,154835,-1,-1
5.34,154903,-1,-1
5.04,154922,-1,-1
8.14,154986,-1,-1
7.02,155142,-1,-1
8.32,155152,-1,-1
5.06,155169,-1,-1
10.51,155380,-1,-1
10.63,155441,-1,-1
5.22,155515,-1,-1
4.01,156154,-1,-1
10.59,156267,-1,-1
6.62,156276,-1,-1
10.02,156312,-1,-1
4.9,156408,-1,-1
5.03,156426,-1,-1
5.31,156561,-1,-1
3.02,156691,-1,-1
7.0,156800,-1,-1
9.69,156824,-1,-1
5.01,157114,-1,-1
5.02,157147,-1,-1
5.03,157178,-1,-1
5.02,157304,-1,-1
5.7,157366,-1,-1
5.14,157507,-1,-1
4.71,157550,-1,-1
3.33,157726,-1,-1
6.02,157773,-1,-1
4.51,157801,-1,-1
1.87,158015,-1,-1
8.03,158064,-1,-1
1.22,158600,-1,-1
5.04,158760,-1,-1
5.01,159023,-1,-1
5.01,159079,-1,-1
4.08,159120,-1,-1
5.02,159396,-1,-1
5.01,159472,-1,-1
5.12,159532,-1,-1
10.18,159623,-1,-1
5.04,160031,-1,-1
5.04,160037,-1,-1
7.05,160388,-1,-1
4.02,160399,-1,-1
11.19,160420,-1,-1
6.68,160481,-1,-1
5.03,160558,-1,-1
5.03,160565,-1,-1
5.73,160755,-1,-1
5.07,160984,-1,-1
3.5,161054,-1,-1
5.51,161230,-1,-1
7.09,161298,-1,-1
9.04,161491,-1,-1
2.51,161519,-1,-1
5.08,161585,-1,-1
6.54,161733,-1,-1
5.02,161926,-1,-1
5.03,161995,-1,-1
6.09,161995,-1,-1
5.01,162024,-1,-1
6.24,162099,-1,-1
4.16,162240,-1,-1
5.03,162248,-1,-1
9.07,162535,-1,-1
7.08,162557,-1,-1
3.01,162924,-1,-1
5.01,163006,-1,-1
5.01,163006,-1,-1
10.23,163272,-1,-1
8.5,163564,-1,-1
4.09,163627,-1,-1
3.31,163655,-1,-1
0.42,163800,-1,-1
4.01,164110,-1,-1
5.08,164203,-1,-1
5.01,164297,-1,-1
8.63,164316,-1,-1
5.03,164784,-1,-1
5.01,164970,-1,-1
5.06,165171,-1,-1
5.02,165299,-1,-1
10.6,165360,-1,-1
7.01,165426,-1,-1
5.71,165643,-1,-1
4.03,165763,-1,-1
5.06,165766,-1,-1
4.01,165962,-1,-1
6.39,166140,-1,-1
4.01,166400,-1,-1
4.33,166439,-1,-1
10.02,166457,-1,-1
4.13,166522,-1,-1
4.25,166592,-1,-1
3.51,166683,-1,-1
7.88,166804,-1,-1
5.19,166828,-1,-1
5.03,166981,-1,-1
3.01,167348,-1,-1
4.4,167700,-1,-1
10.12,167750,-1,-1
5.52,167761,-1,-1
4.38,167772,-1,-1
7.02,167808,-1,-1
7.02,167976,-1,-1
5.02,168043,-1,-1
5.12,168334,-1,-1
5.01,168336,-1,-1
5.14,168387,-1,-1
4.0,168456,-1,-1
4.43,168547,-1,-1
9.41,168628,-1,-1
7.13,168697,-1,-1
2.95,168742,-1,-1
10.39,168838,-1,-1
5.7,168921,-1,-1
5.52,169152,-1,-1
7.01,169273,-1,-1
8.01,169287,-1,-1
5.14,169395,-1,-1
3.05,169619,-1,-1
10.05,169685,-1,-1
5.18,169697,-1,-1
5.05,170190,-1,-1
4.01,170254,-1,-1
10.28,170525,-1,-1
10.02,170581,-1,-1
5.01,170795,-1,-1
7.03,170858,-1,-1
9.01,171047,-1,-1
3.67,171104,-1,-1
7.75,171275,-1,-1
3.66,171288,-1,-1
10.03,171875,-1,-1
4.51,171894,-1,-1
8.41,172137,-1,-1
10.79,172209,-1,-1
3.31,172385,-1,-1
5.01,172394,-1,-1
3.83,172648,-1,-1
5.08,172879,-1,-1
8.11,173045,-1,-1
5.23,173180,-1,-1
6.5,173628,-1,-1
5.02,173733,-1,-1
5.05,173753,-1,-1
7.05,174108,-1,-1
5.06,174550,-1,-1
10.28,174719,-1,-1
6.69,174733,-1,-1
7.06,174750,-1,-1
8.01,174939,-1,-1
4.52,175539,-1,-1
8.11,175761,-1,-1
3.6,176118,-1,-1
4.04,176195,-1,-1
5.4,176269,-1,-1
9.04,176280,-1,-1
4.11,176319,-1,-1
5.0,176400,-1,-1
5.01,176473,-1,-1
10.02,176473,-1,-1
5.01,176753,-1,-1
5.01,176753,-1,-1
5.02,176854,-1,-1
2.99,176859,-1,-1
5.01,176941,-1,-1
5.02,177106,-1,-1
1.01,177255,-1,-1
6.03,177283,-1,-1
8.1,177358,-1,-1
1.3,177450,-1,-1
7.04,177491,-1,-1
8.06,178126,-1,-1
5.0,178360,-1,-1
3.76,178555,-1,-1
11.03,178572,-1,-1
6.01,178580,-1,-1
5.23,178922,-1,-1
4.34,179403,-1,-1
5.09,179576,-1,-1
4.03,179805,-1,-1
4.01,180211,-1,-1
8.11,180257,-1,-1
5.03,180411,-1,-1
10.06,180477,-1,-1
10.1,180538,-1,-1
7.11,180567,-1,-1
5.06,180676,-1,-1
7.11,180747,-1,-1
11.31,181141,-1,-1
3.5,181595,-1,-1
7.06,181866,-1,-1
1.75,182000,-1,-1
3.51,182520,-1,-1
4.01,182613,-1,-1
4.05,182699,-1,-1
13.06,182840,-1,-1
7.08,182976,-1,-1
5.02,183010,-1,-1
5.01,183067,-1,-1
4.02,183159,-1,-1
1.44,183456,-1,-1
5.01,183572,-1,-1
4.04,183820,-1,-1
9.39,183835,-1,-1
5.01,183908,-1,-1
10.02,184048,-1,-1
3.22,184184,-1,-1
4.01,184266,-1,-1
5.01,184329,-1,-1
5.34,184658,-1,-1
6.01,185108,-1,-1
7.05,185162,-1,-1
5.01,185356,-1,-1
1.55,185380,-1,-1
8.78,186053,-1,-1
4.01,186385,-1,-1
6.01,186590,-1,-1
6.01,186590,-1,-1
7.01,186741,-1,-1
10.22,186749,-1,-1
2.0,187200,-1,-1
7.03,187275,-1,-1
5.04,187408,-1,-1
10.12,187473,-1,-1
3.51,187896,-1,-1
7.21,188089,-1,-1
2.01,188136,-1,-1
7.08,189121,-1,-1
15.36,189236,-1,-1
5.73,189312,-1,-1
7.01,189372,-1,-1
5.03,189375,-1,-1
4.51,189420,-1,-1
2.43,189540,-1,-1
7.66,189687,-1,-1
3.68,189739,-1,-1
7.51,189884,-1,-1
3.32,189904,-1,-1
2.44,190320,-1,-1
5.7,190371,-1,-1
6.22,190427,-1,-1
8.7,190496,-1,-1
5.6,190512,-1,-1
8.03,190665,-1,-1
11.1,190956,-1,-1
5.1,191205,-1,-1
10.0,191520,-1,-1
10.18,191893,-1,-1
8.7,191909,-1,-1
3.51,192335,-1,-1
5.04,192376,-1,-1
8.04,192866,-1,-1
8.04,193058,-1,-1
5.0,193200,-1,-1
10.03,193218,-1,-1
5.11,193388,-1,-1
4.33,193500,-1,-1
5.56,194028,-1,-1
5.02,194312,-1,-1
5.01,194429,-1,-1
6.05,194540,-1,-1
5.03,194698,-1,-1
9.73,194795,-1,-1
5.02,194817,-1,-1
1.5,195000,-1,-1
1.0,195000,-1,-1
1.0,195000,-1,-1
7.01,195041,-1,-1
7.01,195236,-1,-1
5.74,195276,-1,-1
5.03,196050,-1,-1
13.13,196294,-1,-1
5.27,196550,-1,-1
6.18,196574,-1,-1
5.02,196588,-1,-1
5.01,196898,-1,-1
1.01,196950,-1,-1
5.01,196954,-1,-1
10.03,197151,-1,-1
11.01,197300,-1,-1
10.34,197453,-1,-1
10.0,197568,-1,-1
3.51,197819,-1,-1
10.07,197937,-1,-1
10.51,198114,-1,-1
7.23,198295,-1,-1
10.07,198500,-1,-1
4.02,198588,-1,-1
5.01,198778,-1,-1
1.02,198900,-1,-1
7.07,199228,-1,-1
5.03,199571,-1,-1
3.59,199593,-1,-1
7.11,199718,-1,-1
4.63,199854,-1,-1
5.03,200276,-1,-1
10.02,200320,-1,-1
4.01,200421,-1,-1
5.52,200867,-1,-1
7.36,200928,-1,-1
7.66,201183,-1,-1
5.24,201740,-1,-1
10.01,201802,-1,-1
5.04,201859,-1,-1
5.01,202004,-1,-1
5.06,202320,-1,-1
10.02,202678,-1,-1
1.04,202800,-1,-1
5.03,202810,-1,-1
7.02,202850,-1,-1
8.01,203468,-1,-1
5.04,203637,-1,-1
9.63,203849,-1,-1
7.26,203891,-1,-1
4.51,203944,-1,-1
12.08,204152,-1,-1
10.07,204197,-1,-1
5.01,204305,-1,-1
5.45,204327,-1,-1
10.38,204611,-1,-1
5.02,204656,-1,-1
5.04,204682,-1,-1
8.27,204700,-1,-1
8.13,205560,-1,-1
8.05,205566,-1,-1
5.1,205575,-1,-1
10.02,206403,-1,-1
4.29,206438,-1,-1
10.02,206493,-1,-1
10.02,206610,-1,-1
8.44,206780,-1,-1
5.31,206963,-1,-1
5.88,207118,-1,-1
4.01,207162,-1,-1
2.75,207350,-1,-1
4.96,207487,-1,-1
7.01,207744,-1,-1
5.05,207859,-1,-1
12.39,208278,-1,-1
5.04,208294,-1,-1
5.01,208653,-1,-1
5.42,208791,-1,-1
5.41,209043,-1,-1
5.01,209229,-1,-1
7.07,209419,-1,-1
5.01,209815,-1,-1
9.18,210003,-1,-1
6.02,210363,-1,-1
7.12,210525,-1,-1
10.32,210652,-1,-1
5.22,210763,-1,-1
7.12,210923,-1,-1
9.42,211642,-1,-1
7.16,211707,-1,-1
7.16,212108,-1,-1
5.01,212346,-1,-1
10.04,212527,-1,-1
11.69,212758,-1,-1
4.69,212792,-1,-1
4.0,212980,-1,-1
6.04,213024,-1,-1
5.04,213036,-1,-1
6.51,213269,-1,-1
10.03,214226,-1,-1
4.03,214287,-1,-1
7.66,214497,-1,-1
10.65,214943,-1,-1
15.76,215124,-1,-1
5.01,215191,-1,-1
9.32,215355,-1,-1
9.02,215384,-1,-1
10.02,215471,-1,-1
15.09,215787,-1,-1
4.51,215940,-1,-1
11.46,216021,-1,-1
5.85,216708,-1,-1
5.53,216869,-1,-1
5.01,217435,-1,-1
3.81,217628,-1,-1
5.02,217644,-1,-1
5.19,219144,-1,-1
12.05,219310,-1,-1
11.07,220692,-1,-1
6.26,220853,-1,-1
5.06,221334,-1,-1
10.0,221760,-1,-1
5.44,221974,-1,-1
5.02,222958,-1,-1
5.02,222958,-1,-1
10.24,222976,-1,-1
5.15,222998,-1,-1
10.06,223091,-1,-1
5.03,223486,-1,-1
5.01,224539,-1,-1
10.06,225344,-1,-1
5.03,225435,-1,-1
5.02,225853,-1,-1
7.02,226438,-1,-1
7.0,226655,-1,-1
7.04,226688,-1,-1
11.12,226982,-1,-1
4.7,227011,-1,-1
10.06,227711,-1,-1
11.13,227888,-1,-1
5.01,227955,-1,-1
5.01,227955,-1,-1
5.01,227956,-1,-1
5.49,227999,-1,-1
6.07,228427,-1,-1
5.32,228505,-1,-1
5.04,228813,-1,-1
10.03,228830,-1,-1
8.81,229060,-1,-1
10.21,229600,-1,-1
7.01,229649,-1,-1
4.04,230087,-1,-1
5.02,230238,-1,-1
5.01,231182,-1,-1
8.38,231263,-1,-1
15.3,231336,-1,-1
5.02,231643,-1,-1
4.55,231742,-1,-1
5.01,232304,-1,-1
6.1,232425,-1,-1
7.08,233131,-1,-1
5.05,233311,-1,-1
10.04,233631,-1,-1
1.0,234000,-1,-1
15.02,234312,-1,-1
9.01,234873,-1,-1
11.12,235389,-1,-1
5.06,236039,-1,-1
11.35,236080,-1,-1
18.16,236080,-1,-1
5.33,236337,-1,-1
2.02,236340,-1,-1
5.03,236501,-1,-1
11.02,236667,-1,-1
11.43,236830,-1,-1
11.11,236869,-1,-1
5.21,236910,-1,-1
7.3,237250,-1,-1
5.01,237332,-1,-1
5.69,237388,-1,-1
3.05,238493,-1,-1
5.03,238584,-1,-1
5.01,238758,-1,-1
5.01,238758,-1,-1
5.06,239043,-1,-1
6.01,239127,-1,-1
6.15,239703,-1,-1
10.61,240066,-1,-1
10.1,240664,-1,-1
5.01,241030,-1,-1
5.02,241416,-1,-1
5.73,242137,-1,-1
5.01,242909,-1,-1
5.03,242944,-1,-1
1.5,243750,-1,-1
2.0,243750,-1,-1
6.0,245717,-1,-1
5.49,245952,-1,-1
5.2,246647,-1,-1
5.01,246893,-1,-1
6.15,246901,-1,-1
4.21,247219,-1,-1
5.02,247697,-1,-1
5.23,247795,-1,-1
11.73,247797,-1,-1
3.18,248040,-1,-1
10.08,248976,-1,-1
0.4,249600,-1,-1
10.64,250253,-1,-1
5.96,250521,-1,-1
5.02,251322,-1,-1
5.13,251371,-1,-1
16.12,251472,-1,-1
10.02,251831,-1,-1
7.14,251900,-1,-1
5.15,253072,-1,-1
3.29,253073,-1,-1
5.02,253178,-1,-1
15.02,253838,-1,-1
5.59,254345,-1,-1
17.19,254758,-1,-1
5.03,255626,-1,-1
5.03,256329,-1,-1
10.04,256473,-1,-1
9.04,256664,-1,-1
5.01,256713,-1,-1
12.12,257208,-1,-1
1.07,257335,-1,-1
10.03,257812,-1,-1
12.45,258152,-1,-1
1.02,258570,-1,-1
6.29,258897,-1,-1
3.88,259155,-1,-1
3.88,259155,-1,-1
10.23,259331,-1,-1
12.03,259368,-1,-1
5.06,259672,-1,-1
10.02,260520,-1,-1
5.75,260860,-1,-1
5.01,261342,-1,-1
5.02,261442,-1,-1
7.02,261818,-1,-1
6.05,262300,-1,-1
5.01,262325,-1,-1
2.02,262600,-1,-1
5.02,264130,-1,-1
10.16,264160,-1,-1
5.47,264196,-1,-1
14.38,264391,-1,-1
6.18,264752,-1,-1
10.03,264777,-1,-1
5.83,265102,-1,-1
10.07,266171,-1,-1
4.07,266440,-1,-1
12.0,266448,-1,-1
5.06,266812,-1,-1
3.55,266858,-1,-1
6.01,267095,-1,-1
7.0,267235,-1,-1
5.26,267685,-1,-1
5.45,267784,-1,-1
10.02,267880,-1,-1
1.42,268040,-1,-1
7.01,268512,-1,-1
17.26,269258,-1,-1
10.88,269608,-1,-1
7.24,269618,-1,-1
7.71,270715,-1,-1
5.45,271483,-1,-1
3.57,271892,-1,-1
8.08,273072,-1,-1
17.52,274714,-1,-1
4.83,275079,-1,-1
10.61,275860,-1,-1
16.02,276476,-1,-1
10.17,276787,-1,-1
5.21,277640,-1,-1
5.12,278475,-1,-1
8.01,279230,-1,-1
17.81,279261,-1,-1
8.01,279509,-1,-1
5.01,280280,-1,-1
10.01,282108,-1,-1
7.64,282375,-1,-1
10.02,282391,-1,-1
12.22,283309,-1,-1
5.28,283487,-1,-1
5.45,284356,-1,-1
9.02,284888,-1,-1
16.18,285416,-1,-1
16.18,285416,-1,-1
7.77,285439,-1,-1
6.16,285627,-1,-1
5.05,285658,-1,-1
10.04,286024,-1,-1
10.33,286060,-1,-1
5.01,286172,-1,-1
8.79,286278,-1,-1
5.01,286397,-1,-1
5.03,287314,-1,-1
5.03,287314,-1,-1
11.45,287580,-1,-1
10.15,287651,-1,-1
5.08,288036,-1,-1
9.56,288560,-1,-1
6.01,290157,-1,-1
5.05,290578,-1,-1
10.03,291738,-1,-1
10.03,291738,-1,-1
11.33,291989,-1,-1
5.0,292500,-1,-1
10.01,292793,-1,-1
3.61,294184,-1,-1
14.13,294317,-1,-1
14.66,294562,-1,-1
5.01,296272,-1,-1
8.17,296473,-1,-1
10.01,296649,-1,-1
3.9,297024,-1,-1
9.46,297196,-1,-1
5.27,297611,-1,-1
5.79,297783,-1,-1
5.01,297955,-1,-1
11.37,299145,-1,-1
4.9,299645,-1,-1
15.3,299880,-1,-1
5.11,299896,-1,-1
10.27,300398,-1,-1
10.24,301115,-1,-1
5.56,301397,-1,-1
17.58,301673,-1,-1
9.01,301980,-1,-1
1.86,302250,-1,-1
5.03,302543,-1,-1
15.52,302640,-1,-1
7.02,302703,-1,-1
6.03,304859,-1,-1
4.07,305946,-1,-1
2.14,306020,-1,-1
6.0,307440,-1,-1
2.15,307450,-1,-1
13.25,308672,-1,-1
10.21,308751,-1,-1
5.12,309400,-1,-1
5.09,310124,-1,-1
10.03,310284,-1,-1
11.02,310475,-1,-1
5.05,312495,-1,-1
7.01,313263,-1,-1
11.12,313851,-1,-1
5.02,314153,-1,-1
6.19,314473,-1,-1
6.93,315315,-1,-1
10.01,315876,-1,-1
8.01,316460,-1,-1
9.51,317620,-1,-1
16.3,317850,-1,-1
10.94,318206,-1,-1
4.01,318883,-1,-1
5.01,319805,-1,-1
6.28,320733,-1,-1
10.61,320847,-1,-1
4.58,321242,-1,-1
5.01,321887,-1,-1
2.58,322469,-1,-1
7.24,322520,-1,-1
18.88,323981,-1,-1
12.19,324392,-1,-1
4.03,324820,-1,-1
1.0,325000,-1,-1
9.22,325282,-1,-1
18.43,326345,-1,-1
2.01,326625,-1,-1
4.04,327089,-1,-1
10.02,327752,-1,-1
11.2,328300,-1,-1
5.33,328328,-1,-1
10.88,329012,-1,-1
10.02,329939,-1,-1
12.19,330398,-1,-1
8.24,331131,-1,-1
3.54,331875,-1,-1
15.05,333923,-1,-1
6.12,334152,-1,-1
10.34,334366,-1,-1
4.0,335428,-1,-1
1.99,335813,-1,-1
8.31,335953,-1,-1
7.52,336054,-1,-1
4.02,337105,-1,-1
14.63,338319,-1,-1
5.01,339282,-1,-1
7.01,339369,-1,-1
10.03,339929,-1,-1
9.26,341836,-1,-1
8.21,342752,-1,-1
7.04,343108,-1,-1
1.0,343750,-1,-1
5.03,344777,-1,-1
9.53,346892,-1,-1
5.09,347437,-1,-1
5.37,347633,-1,-1
8.88,349091,-1,-1
15.11,349419,-1,-1
10.0,350280,-1,-1
11.59,350482,-1,-1
6.73,351555,-1,-1
5.12,351864,-1,-1
7.15,352072,-1,-1
12.02,353388,-1,-1
12.02,353524,-1,-1
5.55,355556,-1,-1
6.73,355775,-1,-1
10.03,356005,-1,-1
8.05,356462,-1,-1
5.18,357379,-1,-1
10.03,357791,-1,-1
8.07,360633,-1,-1
6.3,361579,-1,-1
12.87,361969,-1,-1
5.05,361984,-1,-1
7.66,363330,-1,-1
11.64,363750,-1,-1
14.32,364002,-1,-1
5.01,364728,-1,-1
5.08,366268,-1,-1
10.02,366783,-1,-1
6.24,370407,-1,-1
1.14,370500,-1,-1
7.02,373937,-1,-1
10.05,374600,-1,-1
1.5,375000,-1,-1
1.5,375000,-1,-1
8.08,375559,-1,-1
10.1,376464,-1,-1
0.52,377000,-1,-1
6.04,377500,-1,-1
7.46,378475,-1,-1
15.95,378829,-1,-1
10.03,380422,-1,-1
7.02,380541,-1,-1
5.52,380991,-1,-1
11.34,381024,-1,-1
11.34,381024,-1,-1
15.27,381750,-1,-1
5.02,381875,-1,-1
7.01,382904,-1,-1
16.41,383483,-1,-1
6.14,383750,-1,-1
9.05,385128,-1,-1
9.05,385513,-1,-1
5.36,386456,-1,-1
8.02,387322,-1,-1
5.06,387672,-1,-1
8.19,388469,-1,-1
8.06,388676,-1,-1
8.03,388885,-1,-1
8.22,389892,-1,-1
19.35,390096,-1,-1
10.55,391406,-1,-1
6.02,392577,-1,-1
10.16,392697,-1,-1
18.1,393277,-1,-1
15.06,396380,-1,-1
10.23,397036,-1,-1
9.26,397779,-1,-1
8.22,398085,-1,-1
0.76,399000,-1,-1
8.18,399904,-1,-1
8.26,404278,-1,-1
10.03,404410,-1,-1
11.76,405015,-1,-1
10.1,406893,-1,-1
11.95,408347,-1,-1
9.01,409703,-1,-1
8.13,410482,-1,-1
19.08,411413,-1,-1
10.03,412836,-1,-1
10.11,413297,-1,-1
10.13,413350,-1,-1
7.01,417096,-1,-1
7.26,417131,-1,-1
14.54,419334,-1,-1
14.54,419334,-1,-1
15.14,420529,-1,-1
15.14,420950,-1,-1
15.01,421458,-1,-1
9.13,422574,-1,-1
9.13,422574,-1,-1
15.28,424418,-1,-1
10.01,426026,-1,-1
5.75,426972,-1,-1
9.05,431217,-1,-1
10.1,431553,-1,-1
9.05,431648,-1,-1
11.53,432375,-1,-1
10.51,434064,-1,-1
10.15,436202,-1,-1
5.56,437850,-1,-1
10.07,439430,-1,-1
2.01,439688,-1,-1
10.36,441410,-1,-1
10.01,441431,-1,-1
8.03,442666,-1,-1
10.02,444408,-1,-1
14.34,446333,-1,-1
5.22,447250,-1,-1
10.29,449468,-1,-1
10.51,451427,-1,-1
5.79,457179,-1,-1
10.03,457310,-1,-1
5.34,458728,-1,-1
10.03,462152,-1,-1
17.11,462792,-1,-1
5.83,463613,-1,-1
10.02,466628,-1,-1
10.02,466628,-1,-1
7.12,471351,-1,-1
10.03,471733,-1,-1
5.03,472658,-1,-1
9.01,472925,-1,-1
7.16,473181,-1,-1
4.38,475157,-1,-1
10.12,475762,-1,-1
10.42,479492,-1,-1
10.31,479498,-1,-1
10.02,484808,-1,-1
10.02,485293,-1,-1
11.11,490014,-1,-1
3.02,490750,-1,-1
7.33,492576,-1,-1
10.02,493786,-1,-1
7.23,494683,-1,-1
10.08,496743,-1,-1
9.2,499229,-1,-1
12.91,503181,-1,-1
10.18,503951,-1,-1
7.06,504084,-1,-1
12.79,505309,-1,-1
5.0,505984,-1,-1
7.62,506005,-1,-1
6.04,517508,-1,-1
11.25,524042,-1,-1
11.54,524747,-1,-1
4.96,528801,-1,-1
10.37,534263,-1,-1
7.03,535405,-1,-1
11.03,538617,-1,-1
12.6,541196,-1,-1
8.01,541528,-1,-1
7.49,544434,-1,-1
8.04,544791,-1,-1
14.88,547799,-1,-1
5.06,548572,-1,-1
9.22,548591,-1,-1
10.01,549349,-1,-1
8.54,549976,-1,-1
7.6,553554,-1,-1
8.01,553973,-1,-1
15.01,557292,-1,-1
15.01,557292,-1,-1
7.52,557539,-1,-1
4.7,558125,-1,-1
10.02,559953,-1,-1
10.53,566093,-1,-1
5.39,572688,-1,-1
6.02,572836,-1,-1
10.39,576022,-1,-1
10.51,576789,-1,-1
7.12,578942,-1,-1
7.41,579335,-1,-1
10.05,582499,-1,-1
10.96,586878,-1,-1
10.04,587025,-1,-1
4.7,587500,-1,-1
13.91,591175,-1,-1
12.42,591332,-1,-1
5.52,603490,-1,-1
10.06,610402,-1,-1
5.02,616882,-1,-1
12.58,617112,-1,-1
10.02,622407,-1,-1
10.39,627224,-1,-1
10.02,645907,-1,-1
10.02,646411,-1,-1
10.05,663857,-1,-1
10.05,665230,-1,-1
6.33,666423,-1,-1
17.53,671996,-1,-1
10.01,679287,-1,-1
11.89,703128,-1,-1
10.22,705099,-1,-1
17.66,710946,-1,-1
8.87,714036,-1,-1
9.09,716729,-1,-1
10.05,717233,-1,-1
10.03,726770,-1,-1
10.35,726819,-1,-1
11.56,728280,-1,-1
10.03,730184,-1,-1
7.55,733660,-1,-1
19.17,736128,-1,-1
16.62,739514,-1,-1
8.02,743025,-1,-1
10.03,746137,-1,-1
9.07,754262,-1,-1
15.79,757920,-1,-1
11.1,766123,-1,-1
10.23,781982,-1,-1
8.53,789128,-1,-1
10.01,800638,-1,-1
10.04,801192,-1,-1
5.43,814500,-1,-1
9.16,820736,-1,-1
10.31,821006,-1,-1
10.02,848695,-1,-1
10.02,848695,-1,-1
10.14,851760,-1,-1
10.23,859320,-1,-1
10.46,878642,-1,-1
10.83,921196,-1,-1
10.27,954700,-1,-1
18.13,964516,-1,-1
1.51,966401,-1,-1
0.89,982560,-1,-1
13.03,1003311,-1,-1
5.03,1026120,-1,-1
10.66,1027011,-1,-1
10.7,1029127,-1,-1
10.66,1034844,-1,-1
10.1,1040739,-1,-1
10.2,1061625,-1,-1
15.06,1097128,-1,-1
12.52,1121792,-1,-1
12.52,1121792,-1,-1
10.0,1124122,-1,-1
18.88,1132347,-1,-1
10.04,1161102,-1,-1
10.65,1210692,-1,-1
5.17,1292500,-1,-1
18.07,1315496,-1,-1
0.9,1350000,-1,-1
10.03,1449881,-1,-1
